Time,Source,Risk,Status
2026-07-20 08:12:58,Detection,70,HIGH
2026-07-20 08:12:58,Detection,70,HIGH
2026-07-20 08:12:58,Detection,70,HIGH
2026-07-20 08:12:58,Detection,70,HIGH
2026-07-20 08:12:58,Detection,70,HIGH
2026-07-20 08:12:57,Detection,70,HIGH
2026-07-20 08:12:57,Detection,70,HIGH
2026-07-20 08:12:57,Detection,70,HIGH
2026-07-20 08:12:57,Detection,70,HIGH
2026-07-20 08:12:57,Detection,70,HIGH
2026-07-20 08:12:57,Detection,70,HIGH
2026-07-20 08:12:56,Detection,70,HIGH
2026-07-20 08:12:56,Detection,70,HIGH
2026-07-20 08:12:56,Detection,70,HIGH
2026-07-20 08:12:56,Detection,70,HIGH
2026-07-20 08:12:56,Detection,70,HIGH
2026-07-20 08:12:56,Detection,70,HIGH
2026-07-20 08:12:55,Detection,70,HIGH
2026-07-20 08:12:55,Detection,70,HIGH
2026-07-20 08:12:55,Detection,70,HIGH
2026-07-20 08:12:55,Detection,70,HIGH
2026-07-20 08:12:55,Detection,70,HIGH
2026-07-20 08:12:55,Detection,70,HIGH
2026-07-20 08:12:55,Detection,70,HIGH
2026-07-20 08:12:54,Detection,70,HIGH
2026-07-20 08:12:54,Detection,70,HIGH
2026-07-20 08:12:54,Detection,70,HIGH
2026-07-20 08:12:54,Detection,70,HIGH
2026-07-20 08:12:54,Detection,70,HIGH
2026-07-20 08:12:54,Detection,70,HIGH
2026-07-20 08:12:53,Detection,70,HIGH
2026-07-20 08:12:53,Detection,70,HIGH
2026-07-20 08:12:53,Detection,70,HIGH
2026-07-20 08:12:53,Detection,70,HIGH
2026-07-20 08:12:53,Detection,70,HIGH
2026-07-20 08:12:53,Detection,70,HIGH
2026-07-20 08:12:52,Detection,70,HIGH
2026-07-20 08:12:52,Detection,70,HIGH
2026-07-20 08:12:52,Detection,70,HIGH
2026-07-20 08:12:52,Detection,70,HIGH
2026-07-20 08:12:52,Detection,70,HIGH
2026-07-20 08:12:52,Detection,70,HIGH
2026-07-20 08:12:51,Detection,70,HIGH
2026-07-20 08:12:51,Detection,70,HIGH
2026-07-20 08:12:51,Detection,70,HIGH
2026-07-20 08:12:51,Detection,70,HIGH
2026-07-20 08:12:51,Detection,70,HIGH
2026-07-20 08:12:51,Detection,70,HIGH
2026-07-20 08:12:51,Detection,70,HIGH
2026-07-20 08:12:50,Detection,70,HIGH
2026-07-20 08:12:50,Detection,70,HIGH
2026-07-20 08:12:50,Detection,70,HIGH
2026-07-20 08:12:50,Detection,70,HIGH
2026-07-20 08:12:50,Detection,70,HIGH
2026-07-20 08:12:50,Detection,70,HIGH
2026-07-20 08:12:49,Detection,70,HIGH
2026-07-20 08:12:49,Detection,70,HIGH
2026-07-20 08:12:49,Detection,70,HIGH
2026-07-20 08:12:49,Detection,70,HIGH
2026-07-20 08:12:49,Detection,70,HIGH
2026-07-20 08:12:49,Detection,70,HIGH
2026-07-20 08:12:48,Detection,70,HIGH
2026-07-20 08:12:48,Detection,70,HIGH
2026-07-20 08:12:48,Detection,70,HIGH
2026-07-20 08:12:48,Detection,70,HIGH
2026-07-20 08:12:48,Detection,70,HIGH
2026-07-20 08:12:48,Detection,70,HIGH
2026-07-20 08:12:47,Detection,70,HIGH
2026-07-20 08:12:47,Detection,70,HIGH
2026-07-20 08:12:47,Detection,70,HIGH
2026-07-20 08:12:47,Detection,70,HIGH
2026-07-20 08:12:47,Detection,70,HIGH
2026-07-20 08:12:47,Detection,70,HIGH
2026-07-20 08:12:47,Detection,70,HIGH
2026-07-20 08:12:46,Detection,70,HIGH
2026-07-20 08:12:46,Detection,70,HIGH
2026-07-20 08:12:46,Detection,70,HIGH
2026-07-20 08:12:46,Detection,70,HIGH
2026-07-20 08:12:46,Detection,70,HIGH
2026-07-20 08:12:46,Detection,70,HIGH
2026-07-20 08:12:45,Detection,70,HIGH
2026-07-20 08:12:45,Detection,70,HIGH
2026-07-20 08:12:45,Detection,70,HIGH
2026-07-20 08:12:45,Detection,70,HIGH
2026-07-20 08:12:45,Detection,70,HIGH
2026-07-20 08:12:45,Detection,70,HIGH
2026-07-20 08:12:44,Detection,70,HIGH
2026-07-20 08:12:44,Detection,70,HIGH
2026-07-20 08:12:44,Detection,70,HIGH
2026-07-20 08:12:44,Detection,70,HIGH
2026-07-20 08:12:44,Detection,70,HIGH
2026-07-20 08:12:44,Detection,70,HIGH
2026-07-20 08:12:44,Detection,70,HIGH
2026-07-20 08:12:43,Detection,70,HIGH
2026-07-20 08:12:43,Detection,70,HIGH
2026-07-20 08:12:43,Detection,70,HIGH
2026-07-20 08:12:43,Detection,70,HIGH
2026-07-20 08:12:43,Detection,70,HIGH
2026-07-20 08:12:43,Detection,70,HIGH
2026-07-20 08:12:42,Detection,70,HIGH
2026-07-20 08:12:42,Detection,70,HIGH
2026-07-20 08:12:42,Detection,70,HIGH
2026-07-20 08:12:42,Detection,70,HIGH
2026-07-20 08:12:42,Detection,70,HIGH
2026-07-20 08:12:42,Detection,70,HIGH
2026-07-20 08:12:41,Detection,70,HIGH
2026-07-20 08:12:41,Detection,70,HIGH
2026-07-20 08:12:41,Detection,70,HIGH
2026-07-20 08:12:41,Detection,70,HIGH
2026-07-20 08:12:41,Detection,70,HIGH
2026-07-20 08:12:41,Detection,70,HIGH
2026-07-20 08:12:40,Detection,70,HIGH
2026-07-20 08:12:40,Detection,70,HIGH
2026-07-20 08:12:40,Detection,70,HIGH
2026-07-20 08:12:40,Detection,70,HIGH
2026-07-20 08:12:40,Detection,70,HIGH
2026-07-20 08:12:40,Detection,70,HIGH
2026-07-20 08:12:39,Detection,70,HIGH
2026-07-20 08:12:39,Detection,70,HIGH
2026-07-20 08:12:39,Detection,70,HIGH
2026-07-20 08:12:39,Detection,70,HIGH
2026-07-20 08:12:39,Detection,70,HIGH
2026-07-20 08:12:39,Detection,70,HIGH
2026-07-20 08:12:39,Detection,70,HIGH
2026-07-20 08:12:38,Detection,70,HIGH
2026-07-20 08:12:38,Detection,70,HIGH
2026-07-20 08:12:38,Detection,70,HIGH
2026-07-20 08:12:38,Detection,70,HIGH
2026-07-20 08:12:38,Detection,70,HIGH
2026-07-20 08:12:38,Detection,70,HIGH
2026-07-20 08:12:37,Detection,70,HIGH
2026-07-20 08:12:37,Detection,70,HIGH
2026-07-20 08:12:37,Detection,70,HIGH
2026-07-20 08:12:37,Detection,70,HIGH
2026-07-20 08:12:37,Detection,70,HIGH
2026-07-20 08:12:37,Detection,70,HIGH
2026-07-20 08:12:36,Detection,70,HIGH
2026-07-20 08:12:36,Detection,70,HIGH
2026-07-20 08:12:36,Detection,70,HIGH
2026-07-20 08:12:36,Detection,70,HIGH
2026-07-20 08:12:36,Detection,70,HIGH
2026-07-20 08:12:36,Detection,70,HIGH
2026-07-20 08:12:35,Detection,70,HIGH
2026-07-20 08:12:35,Detection,70,HIGH
2026-07-20 08:12:35,Detection,70,HIGH
2026-07-20 08:12:35,Detection,70,HIGH
2026-07-20 08:12:35,Detection,70,HIGH
2026-07-20 08:12:35,Detection,70,HIGH
2026-07-20 08:12:34,Detection,70,HIGH
2026-07-20 08:12:34,Detection,70,HIGH
2026-07-20 08:12:34,Detection,70,HIGH
2026-07-20 08:12:34,Detection,70,HIGH
2026-07-20 08:12:34,Detection,70,HIGH
2026-07-20 08:12:34,Detection,70,HIGH
2026-07-20 08:12:34,Detection,70,HIGH
2026-07-20 08:12:33,Detection,70,HIGH
2026-07-20 08:12:33,Detection,70,HIGH
2026-07-20 08:12:33,Detection,70,HIGH
2026-07-20 08:12:33,Detection,70,HIGH
2026-07-20 08:12:33,Detection,70,HIGH
2026-07-20 08:12:33,Detection,70,HIGH
2026-07-20 08:12:33,Detection,70,HIGH
2026-07-20 08:12:32,Detection,70,HIGH
2026-07-20 08:12:32,Detection,70,HIGH
2026-07-20 08:12:32,Detection,70,HIGH
2026-07-20 08:12:32,Detection,70,HIGH
2026-07-20 08:12:32,Detection,70,HIGH
2026-07-20 08:12:32,Detection,70,HIGH
2026-07-20 08:12:32,Detection,70,HIGH
2026-07-20 08:12:32,Detection,70,HIGH
2026-07-20 08:12:31,Detection,70,HIGH
2026-07-20 08:12:31,Detection,70,HIGH
2026-07-20 08:12:31,Detection,70,HIGH
2026-07-20 08:12:31,Detection,70,HIGH
2026-07-20 08:12:31,Detection,70,HIGH
2026-07-20 08:12:31,Detection,70,HIGH
2026-07-20 08:12:31,Detection,70,HIGH
2026-07-20 08:12:30,Detection,70,HIGH
2026-07-20 08:12:30,Detection,70,HIGH
2026-07-20 08:12:30,Detection,70,HIGH
2026-07-20 08:12:30,Detection,70,HIGH
2026-07-20 08:12:30,Detection,70,HIGH
2026-07-20 08:12:30,Detection,70,HIGH
2026-07-20 08:12:29,Detection,70,HIGH
2026-07-20 08:12:29,Detection,70,HIGH
2026-07-20 08:12:29,Detection,70,HIGH
2026-07-20 08:12:29,Detection,70,HIGH
2026-07-20 08:12:29,Detection,70,HIGH
2026-07-20 08:12:29,Detection,70,HIGH
2026-07-20 08:12:29,Detection,70,HIGH
2026-07-20 08:12:29,Detection,70,HIGH
2026-07-20 08:12:28,Detection,70,HIGH
2026-07-20 08:12:28,Detection,70,HIGH
2026-07-20 08:12:28,Detection,70,HIGH
2026-07-20 08:12:28,Detection,70,HIGH
2026-07-20 08:12:28,Detection,70,HIGH
2026-07-20 08:12:28,Detection,70,HIGH
2026-07-20 08:12:27,Detection,70,HIGH
2026-07-20 08:12:27,Detection,70,HIGH
2026-07-20 08:12:27,Detection,70,HIGH
2026-07-20 08:12:27,Detection,70,HIGH
2026-07-20 08:12:27,Detection,70,HIGH
2026-07-20 08:12:27,Detection,70,HIGH
2026-07-20 08:12:27,Detection,70,HIGH
2026-07-20 08:12:26,Detection,70,HIGH
2026-07-20 08:12:26,Detection,70,HIGH
2026-07-20 08:12:26,Detection,70,HIGH
2026-07-20 08:12:26,Detection,70,HIGH
2026-07-20 08:12:26,Detection,70,HIGH
2026-07-20 08:12:26,Detection,70,HIGH
2026-07-20 08:12:26,Detection,70,HIGH
2026-07-20 08:12:25,Detection,70,HIGH
2026-07-20 08:12:25,Detection,70,HIGH
2026-07-20 08:12:25,Detection,70,HIGH
2026-07-20 08:12:25,Detection,70,HIGH
2026-07-20 08:12:25,Detection,70,HIGH
2026-07-20 08:12:25,Detection,70,HIGH
2026-07-20 08:12:25,Detection,70,HIGH
2026-07-20 08:12:25,Detection,70,HIGH
2026-07-20 08:12:24,Detection,70,HIGH
2026-07-20 08:12:24,Detection,70,HIGH
2026-07-20 08:12:24,Detection,70,HIGH
2026-07-20 08:12:24,Detection,70,HIGH
2026-07-20 08:12:24,Detection,70,HIGH
2026-07-20 08:12:24,Detection,70,HIGH
2026-07-20 08:12:24,Detection,70,HIGH
2026-07-20 08:12:23,Detection,70,HIGH
2026-07-20 08:12:23,Detection,70,HIGH
2026-07-20 08:12:23,Detection,70,HIGH
2026-07-20 08:12:23,Detection,70,HIGH
2026-07-20 08:12:23,Detection,70,HIGH
2026-07-20 08:12:23,Detection,70,HIGH
2026-07-20 08:12:23,Detection,70,HIGH
2026-07-20 08:12:22,Detection,70,HIGH
2026-07-20 08:12:22,Detection,70,HIGH
2026-07-20 08:12:22,Detection,70,HIGH
2026-07-20 08:12:22,Detection,70,HIGH
2026-07-20 08:12:22,Detection,70,HIGH
2026-07-20 08:12:22,Detection,70,HIGH
2026-07-20 08:12:22,Detection,70,HIGH
2026-07-20 08:12:21,Detection,70,HIGH
2026-07-20 08:12:21,Detection,70,HIGH
2026-07-20 08:12:21,Detection,70,HIGH
2026-07-20 08:12:21,Detection,70,HIGH
2026-07-20 08:12:21,Detection,70,HIGH
2026-07-20 08:12:21,Detection,70,HIGH
2026-07-20 08:12:21,Detection,70,HIGH
2026-07-20 08:12:20,Detection,70,HIGH
2026-07-20 08:12:20,Detection,70,HIGH
2026-07-20 08:12:20,Detection,70,HIGH
2026-07-20 08:12:20,Detection,70,HIGH
2026-07-20 08:12:20,Detection,70,HIGH
2026-07-20 08:12:20,Detection,70,HIGH
2026-07-20 08:12:20,Detection,70,HIGH
2026-07-20 08:12:19,Detection,70,HIGH
2026-07-20 08:12:19,Detection,70,HIGH
2026-07-20 08:12:19,Detection,70,HIGH
2026-07-20 08:12:19,Detection,70,HIGH
2026-07-20 08:12:19,Detection,70,HIGH
2026-07-20 08:12:19,Detection,70,HIGH
2026-07-20 08:12:19,Detection,70,HIGH
2026-07-20 08:12:18,Detection,70,HIGH
2026-07-20 08:12:18,Detection,70,HIGH
2026-07-20 08:12:18,Detection,70,HIGH
2026-07-20 08:12:18,Detection,70,HIGH
2026-07-20 08:12:18,Detection,70,HIGH
2026-07-20 08:12:18,Detection,70,HIGH
2026-07-20 08:12:18,Detection,70,HIGH
2026-07-20 08:12:17,Detection,70,HIGH
2026-07-20 08:12:17,Detection,70,HIGH
2026-07-20 08:12:17,Detection,70,HIGH
2026-07-20 08:12:17,Detection,70,HIGH
2026-07-20 08:12:17,Detection,70,HIGH
2026-07-20 08:12:17,Detection,70,HIGH
2026-07-20 08:12:17,Detection,70,HIGH
2026-07-20 08:12:16,Detection,70,HIGH
2026-07-20 08:12:16,Detection,70,HIGH
2026-07-20 08:12:16,Detection,70,HIGH
2026-07-20 08:12:16,Detection,70,HIGH
2026-07-20 08:12:16,Detection,70,HIGH
2026-07-20 08:12:16,Detection,70,HIGH
2026-07-20 08:12:16,Detection,70,HIGH
2026-07-20 08:12:15,Detection,70,HIGH
2026-07-20 08:12:15,Detection,70,HIGH
2026-07-20 08:12:15,Detection,70,HIGH
2026-07-20 08:12:15,Detection,70,HIGH
2026-07-20 08:12:15,Detection,70,HIGH
2026-07-20 08:12:15,Detection,70,HIGH
2026-07-20 08:12:15,Detection,70,HIGH
2026-07-20 08:12:14,Detection,70,HIGH
2026-07-20 08:12:14,Detection,70,HIGH
2026-07-20 08:12:14,Detection,70,HIGH
2026-07-20 08:12:14,Detection,70,HIGH
2026-07-20 08:12:14,Detection,70,HIGH
2026-07-20 08:12:14,Detection,70,HIGH
2026-07-20 08:12:14,Detection,70,HIGH
2026-07-20 08:12:13,Detection,70,HIGH
2026-07-20 08:12:13,Detection,70,HIGH
2026-07-20 08:12:13,Detection,70,HIGH
2026-07-20 08:12:13,Detection,70,HIGH
2026-07-20 08:12:13,Detection,70,HIGH
2026-07-20 08:12:13,Detection,70,HIGH
2026-07-20 08:12:13,Detection,70,HIGH
2026-07-17 08:18:54,Detection,70,HIGH
2026-07-17 08:18:52,Detection,70,HIGH
2026-07-17 08:18:51,Detection,70,HIGH
2026-07-17 08:18:50,Detection,70,HIGH
2026-07-17 08:18:49,Detection,70,HIGH
2026-07-17 08:18:48,Detection,70,HIGH
2026-07-17 08:18:46,Detection,70,HIGH
2026-07-17 08:18:45,Detection,70,HIGH
2026-07-17 08:18:44,Detection,70,HIGH
2026-07-17 08:18:43,Detection,70,HIGH
2026-07-17 08:18:42,Detection,70,HIGH
2026-07-17 08:18:38,Detection,70,HIGH
2026-07-17 08:18:35,Detection,70,HIGH
2026-07-17 08:18:33,Detection,70,HIGH
2026-07-17 08:18:32,Detection,70,HIGH
2026-07-17 08:18:29,Detection,70,HIGH
2026-07-17 08:18:21,Detection,70,HIGH
2026-07-17 08:18:20,Detection,70,HIGH
2026-07-17 08:18:17,Detection,70,HIGH
2026-07-17 08:18:15,Detection,70,HIGH
2026-07-17 08:18:12,Detection,70,HIGH
2026-07-17 08:18:11,Detection,70,HIGH
2026-07-17 08:18:09,Detection,70,HIGH
2026-07-17 08:18:07,Detection,70,HIGH
2026-07-17 08:18:06,Detection,70,HIGH
2026-07-17 08:18:05,Detection,70,HIGH
2026-07-17 08:18:04,Detection,70,HIGH
2026-07-17 08:18:04,Detection,70,HIGH
2026-07-17 08:18:04,Detection,70,HIGH
2026-07-17 08:18:03,Detection,70,HIGH
2026-07-17 08:18:00,Detection,70,HIGH
2026-07-17 08:17:59,Detection,70,HIGH
2026-07-17 08:17:58,Detection,70,HIGH
2026-07-17 08:17:56,Detection,70,HIGH
2026-07-17 08:17:56,Detection,70,HIGH
2026-07-17 08:17:52,Detection,70,HIGH
2026-07-17 08:17:45,Detection,70,HIGH
2026-07-17 08:17:44,Detection,70,HIGH
2026-07-17 08:17:40,Detection,70,HIGH
2026-07-17 08:17:38,Detection,70,HIGH
2026-07-17 08:17:37,Detection,70,HIGH
2026-07-17 08:17:36,Detection,70,HIGH
2026-07-17 08:17:33,Detection,70,HIGH
2026-07-17 08:17:33,Detection,70,HIGH
2026-07-17 08:17:32,Detection,70,HIGH
2026-07-17 08:17:30,Detection,70,HIGH
2026-07-17 08:17:29,Detection,70,HIGH
2026-07-17 08:17:27,Detection,70,HIGH
2026-07-17 08:17:25,Detection,70,HIGH
2026-07-17 08:17:24,Detection,70,HIGH
2026-07-17 08:17:24,Detection,70,HIGH
2026-07-17 08:17:23,Detection,70,HIGH
2026-07-17 08:17:22,Detection,70,HIGH
2026-07-17 08:17:20,Detection,70,HIGH
2026-07-17 08:17:14,Detection,70,HIGH
2026-07-17 08:17:13,Detection,70,HIGH
2026-07-17 08:17:13,Detection,70,HIGH
2026-07-17 08:15:25,Detection,70,HIGH
2026-07-17 08:15:22,Detection,70,HIGH
2026-07-17 08:15:18,Detection,70,HIGH
2026-07-17 08:15:18,Detection,70,HIGH
2026-07-17 08:15:17,Detection,70,HIGH
2026-07-17 08:15:14,Detection,70,HIGH
2026-07-17 08:15:12,Detection,70,HIGH
2026-07-17 08:15:09,Detection,70,HIGH
2026-07-17 08:15:09,Detection,70,HIGH
2026-07-17 08:15:08,Detection,70,HIGH
2026-07-17 08:15:07,Detection,70,HIGH
2026-07-17 08:15:06,Detection,70,HIGH
2026-07-17 08:15:05,Detection,70,HIGH
2026-07-17 08:15:02,Detection,70,HIGH
2026-07-17 08:14:59,Detection,70,HIGH
2026-07-17 08:14:58,Detection,70,HIGH
2026-07-17 08:14:57,Detection,70,HIGH
2026-07-17 08:14:56,Detection,70,HIGH
2026-07-17 08:14:54,Detection,70,HIGH
2026-07-17 08:14:54,Detection,70,HIGH
2026-07-17 08:14:54,Detection,70,HIGH
2026-07-17 08:14:53,Detection,70,HIGH
2026-07-17 08:14:53,Detection,70,HIGH
2026-07-17 08:14:53,Detection,70,HIGH
2026-07-17 08:14:53,Detection,70,HIGH
2026-07-17 08:14:53,Detection,70,HIGH
2026-07-17 08:14:52,Detection,70,HIGH
2026-07-17 08:14:52,Detection,70,HIGH
2026-07-17 08:14:52,Detection,70,HIGH
2026-07-17 08:14:52,Detection,70,HIGH
2026-07-17 08:14:52,Detection,70,HIGH
2026-07-17 08:14:51,Detection,70,HIGH
2026-07-17 08:14:51,Detection,70,HIGH
2026-07-17 08:14:51,Detection,70,HIGH
2026-07-17 08:14:51,Detection,70,HIGH
2026-07-17 08:14:51,Detection,70,HIGH
2026-07-17 08:14:50,Detection,70,HIGH
2026-07-17 08:14:50,Detection,70,HIGH
2026-07-17 08:14:50,Detection,70,HIGH
2026-07-17 08:14:50,Detection,70,HIGH
2026-07-17 08:14:50,Detection,70,HIGH
2026-07-17 08:14:49,Detection,70,HIGH
2026-07-17 08:14:49,Detection,70,HIGH
2026-07-17 08:14:49,Detection,70,HIGH
2026-07-17 08:14:49,Detection,70,HIGH
2026-07-17 08:14:49,Detection,70,HIGH
2026-07-17 08:14:48,Detection,70,HIGH
2026-07-17 08:14:48,Detection,70,HIGH
2026-07-17 08:14:48,Detection,70,HIGH
2026-07-17 08:14:48,Detection,70,HIGH
2026-07-17 08:14:48,Detection,70,HIGH
2026-07-17 08:14:47,Detection,70,HIGH
2026-07-17 08:14:47,Detection,70,HIGH
2026-07-17 08:14:47,Detection,70,HIGH
2026-07-17 08:14:47,Detection,70,HIGH
2026-07-17 08:14:47,Detection,70,HIGH
2026-07-17 08:14:46,Detection,70,HIGH
2026-07-17 08:14:46,Detection,70,HIGH
2026-07-17 08:14:46,Detection,70,HIGH
2026-07-17 08:14:46,Detection,70,HIGH
2026-07-17 08:14:46,Detection,70,HIGH
2026-07-17 08:14:46,Detection,70,HIGH
2026-07-17 08:14:45,Detection,70,HIGH
2026-07-17 08:14:45,Detection,70,HIGH
2026-07-17 08:14:45,Detection,70,HIGH
2026-07-17 08:14:45,Detection,70,HIGH
2026-07-17 08:14:45,Detection,70,HIGH
2026-07-17 08:14:44,Detection,70,HIGH
2026-07-17 08:14:44,Detection,70,HIGH
2026-07-17 08:14:44,Detection,70,HIGH
2026-07-17 08:14:44,Detection,70,HIGH
2026-07-17 08:14:44,Detection,70,HIGH
2026-07-17 08:14:44,Detection,70,HIGH
2026-07-17 08:14:43,Detection,70,HIGH
2026-07-17 08:14:43,Detection,70,HIGH
2026-07-17 08:14:43,Detection,70,HIGH
2026-07-17 08:14:43,Detection,70,HIGH
2026-07-17 08:14:43,Detection,70,HIGH
2026-07-17 08:14:43,Detection,70,HIGH
2026-07-17 08:14:42,Detection,70,HIGH
2026-07-17 08:14:42,Detection,70,HIGH
2026-07-17 08:14:42,Detection,70,HIGH
2026-07-17 08:14:42,Detection,70,HIGH
2026-07-17 08:14:42,Detection,70,HIGH
2026-07-17 08:14:42,Detection,70,HIGH
2026-07-17 08:14:41,Detection,70,HIGH
2026-07-17 08:14:41,Detection,70,HIGH
2026-07-17 08:14:41,Detection,70,HIGH
2026-07-17 08:14:41,Detection,70,HIGH
2026-07-17 08:14:41,Detection,70,HIGH
2026-07-17 08:14:40,Detection,70,HIGH
2026-07-17 08:14:40,Detection,70,HIGH
2026-07-17 08:14:40,Detection,70,HIGH
2026-07-17 08:14:40,Detection,70,HIGH
2026-07-17 08:14:40,Detection,70,HIGH
2026-07-17 08:14:40,Detection,70,HIGH
2026-07-17 08:14:39,Detection,70,HIGH
2026-07-17 08:14:39,Detection,70,HIGH
2026-07-17 08:14:39,Detection,70,HIGH
2026-07-17 08:14:39,Detection,70,HIGH
2026-07-17 08:14:39,Detection,70,HIGH
2026-07-17 08:14:38,Detection,70,HIGH
2026-07-17 08:14:38,Detection,70,HIGH
2026-07-17 08:14:38,Detection,70,HIGH
2026-07-17 08:14:38,Detection,70,HIGH
2026-07-17 08:14:38,Detection,70,HIGH
2026-07-17 08:14:38,Detection,70,HIGH
2026-07-17 08:14:37,Detection,70,HIGH
2026-07-17 08:14:37,Detection,70,HIGH
2026-07-17 08:14:37,Detection,70,HIGH
2026-07-17 08:14:37,Detection,70,HIGH
2026-07-17 08:14:37,Detection,70,HIGH
2026-07-17 08:14:36,Detection,70,HIGH
2026-07-17 08:14:36,Detection,70,HIGH
2026-07-17 08:14:36,Detection,70,HIGH
2026-07-17 08:14:36,Detection,70,HIGH
2026-07-17 08:14:36,Detection,70,HIGH
2026-07-17 08:14:36,Detection,70,HIGH
2026-07-17 08:14:35,Detection,70,HIGH
2026-07-17 08:14:35,Detection,70,HIGH
2026-07-17 08:14:35,Detection,70,HIGH
2026-07-17 08:14:35,Detection,70,HIGH
2026-07-17 08:14:35,Detection,70,HIGH
2026-07-17 08:14:34,Detection,70,HIGH
2026-07-17 08:14:34,Detection,70,HIGH
2026-07-17 08:14:34,Detection,70,HIGH
2026-07-17 08:14:34,Detection,70,HIGH
2026-07-17 08:14:34,Detection,70,HIGH
2026-07-17 08:14:33,Detection,70,HIGH
2026-07-17 08:14:33,Detection,70,HIGH
2026-07-17 08:14:33,Detection,70,HIGH
2026-07-17 08:14:33,Detection,70,HIGH
2026-07-17 08:14:33,Detection,70,HIGH
2026-07-17 08:14:33,Detection,70,HIGH
2026-07-17 08:14:32,Detection,70,HIGH
2026-07-17 08:14:32,Detection,70,HIGH
2026-07-17 08:14:32,Detection,70,HIGH
2026-07-17 08:14:32,Detection,70,HIGH
2026-07-17 08:14:32,Detection,70,HIGH
2026-07-17 08:14:32,Detection,70,HIGH
2026-07-17 08:14:31,Detection,70,HIGH
2026-07-17 08:14:31,Detection,70,HIGH
2026-07-17 08:14:31,Detection,70,HIGH
2026-07-17 08:14:31,Detection,70,HIGH
2026-07-17 08:14:31,Detection,70,HIGH
2026-07-17 08:14:31,Detection,70,HIGH
2026-07-17 08:14:30,Detection,70,HIGH
2026-07-17 08:14:30,Detection,70,HIGH
2026-07-17 08:14:30,Detection,70,HIGH
2026-07-17 08:14:30,Detection,70,HIGH
2026-07-17 08:14:30,Detection,70,HIGH
2026-07-17 08:14:30,Detection,70,HIGH
2026-07-17 08:14:29,Detection,70,HIGH
2026-07-17 08:14:29,Detection,70,HIGH
2026-07-17 08:14:29,Detection,70,HIGH
2026-07-17 08:14:29,Detection,70,HIGH
2026-07-17 08:14:29,Detection,70,HIGH
2026-07-17 08:14:29,Detection,70,HIGH
2026-07-17 08:14:28,Detection,70,HIGH
2026-07-17 08:14:28,Detection,70,HIGH
2026-07-17 08:14:28,Detection,70,HIGH
2026-07-17 08:14:28,Detection,70,HIGH
2026-07-17 08:14:28,Detection,70,HIGH
2026-07-17 08:14:28,Detection,70,HIGH
2026-07-17 08:14:27,Detection,70,HIGH
2026-07-17 08:14:27,Detection,70,HIGH
2026-07-17 08:14:27,Detection,70,HIGH
2026-07-17 08:14:27,Detection,70,HIGH
2026-07-17 08:14:27,Detection,70,HIGH
2026-07-17 08:14:27,Detection,70,HIGH
2026-07-17 08:14:26,Detection,70,HIGH
2026-07-17 08:14:26,Detection,70,HIGH
2026-07-17 08:14:26,Detection,70,HIGH
2026-07-17 08:14:26,Detection,70,HIGH
2026-07-17 08:14:26,Detection,70,HIGH
2026-07-17 08:14:26,Detection,70,HIGH
2026-07-17 08:14:26,Detection,70,HIGH
2026-07-17 08:14:25,Detection,70,HIGH
2026-07-17 08:14:25,Detection,70,HIGH
2026-07-17 08:14:25,Detection,70,HIGH
2026-07-17 08:14:25,Detection,70,HIGH
2026-07-17 08:14:25,Detection,70,HIGH
2026-07-17 08:14:25,Detection,70,HIGH
2026-07-17 08:14:24,Detection,70,HIGH
2026-07-17 08:14:24,Detection,70,HIGH
2026-07-17 08:14:24,Detection,70,HIGH
2026-07-17 08:14:24,Detection,70,HIGH
2026-07-17 08:14:24,Detection,70,HIGH
2026-07-17 08:14:24,Detection,70,HIGH
2026-07-17 08:14:23,Detection,70,HIGH
2026-07-17 08:14:23,Detection,70,HIGH
2026-07-17 08:14:23,Detection,70,HIGH
2026-07-17 08:14:23,Detection,70,HIGH
2026-07-17 08:14:23,Detection,70,HIGH
2026-07-17 08:14:23,Detection,70,HIGH
2026-07-17 08:14:22,Detection,70,HIGH
2026-07-17 08:14:22,Detection,70,HIGH
2026-07-17 08:14:22,Detection,70,HIGH
2026-07-17 08:14:22,Detection,70,HIGH
2026-07-17 08:14:22,Detection,70,HIGH
2026-07-17 08:14:22,Detection,70,HIGH
2026-07-17 08:14:22,Detection,70,HIGH
2026-07-17 08:14:21,Detection,70,HIGH
2026-07-17 08:14:21,Detection,70,HIGH
2026-07-17 08:14:21,Detection,70,HIGH
2026-07-17 08:14:21,Detection,70,HIGH
2026-07-17 08:14:21,Detection,70,HIGH
2026-07-17 08:14:21,Detection,70,HIGH
2026-07-17 08:14:21,Detection,70,HIGH
2026-07-17 08:14:21,Detection,70,HIGH
2026-07-17 08:14:21,Detection,70,HIGH
2026-07-17 08:14:20,Detection,70,HIGH
2026-07-17 08:14:20,Detection,70,HIGH
2026-07-17 08:14:20,Detection,70,HIGH
2026-07-17 08:14:20,Detection,70,HIGH
2026-07-17 08:14:20,Detection,70,HIGH
2026-07-17 08:14:20,Detection,70,HIGH
2026-07-17 08:14:20,Detection,70,HIGH
2026-07-17 08:14:20,Detection,70,HIGH
2026-07-17 08:14:19,Detection,70,HIGH
2026-07-17 08:14:19,Detection,70,HIGH
2026-07-17 08:14:19,Detection,70,HIGH
2026-07-17 08:14:19,Detection,70,HIGH
2026-07-17 08:14:19,Detection,70,HIGH
2026-07-17 08:14:19,Detection,70,HIGH
2026-07-17 08:14:19,Detection,70,HIGH
2026-07-17 08:14:19,Detection,70,HIGH
2026-07-17 08:14:18,Detection,70,HIGH
2026-07-17 08:14:18,Detection,70,HIGH
2026-07-17 08:14:18,Detection,70,HIGH
2026-07-17 08:14:18,Detection,70,HIGH
2026-07-17 08:14:18,Detection,70,HIGH
2026-07-17 08:14:18,Detection,70,HIGH
2026-07-17 08:14:17,Detection,70,HIGH
2026-07-17 08:14:17,Detection,70,HIGH
2026-07-17 08:14:17,Detection,70,HIGH
2026-07-17 08:14:17,Detection,70,HIGH
2026-07-17 08:14:17,Detection,70,HIGH
2026-07-17 08:14:17,Detection,70,HIGH
2026-07-17 08:14:16,Detection,70,HIGH
2026-07-17 08:14:16,Detection,70,HIGH
2026-07-17 08:14:16,Detection,70,HIGH
2026-07-17 08:14:16,Detection,70,HIGH
2026-07-17 08:14:16,Detection,70,HIGH
2026-07-17 08:14:16,Detection,70,HIGH
2026-07-17 08:14:15,Detection,70,HIGH
2026-07-17 08:14:15,Detection,70,HIGH
2026-07-17 08:14:15,Detection,70,HIGH
2026-07-17 08:14:15,Detection,70,HIGH
2026-07-17 08:14:15,Detection,70,HIGH
2026-07-17 08:14:15,Detection,70,HIGH
2026-07-17 08:14:15,Detection,70,HIGH
2026-07-17 08:14:14,Detection,70,HIGH
2026-07-17 08:14:14,Detection,70,HIGH
2026-07-17 08:14:14,Detection,70,HIGH
2026-07-17 08:14:14,Detection,70,HIGH
2026-07-17 08:14:14,Detection,70,HIGH
2026-07-17 08:14:14,Detection,70,HIGH
2026-07-17 08:14:13,Detection,70,HIGH
2026-07-17 08:14:13,Detection,70,HIGH
2026-07-17 08:14:13,Detection,70,HIGH
2026-07-17 08:14:13,Detection,70,HIGH
2026-07-17 08:14:13,Detection,70,HIGH
2026-07-17 08:14:13,Detection,70,HIGH
2026-07-17 08:14:12,Detection,70,HIGH
2026-07-17 08:14:12,Detection,70,HIGH
2026-07-17 08:14:12,Detection,70,HIGH
2026-07-17 08:14:12,Detection,70,HIGH
2026-07-17 08:14:12,Detection,70,HIGH
2026-07-17 08:14:12,Detection,70,HIGH
2026-07-17 08:14:12,Detection,70,HIGH
2026-07-17 08:14:11,Detection,70,HIGH
2026-07-17 08:14:11,Detection,70,HIGH
